{"accuracy_store": {"claude-prediction-offline": {"accuracy": 57.380457380457386, "pending": 110, "requests": 481}, "claude-prediction-online": {"accuracy": 61.137440758293835, "pending": 0, "requests": 1055}, "prediction-offline": {"accuracy": 67.39834303627407, "pending": 213, "requests": 4466}, "prediction-offline-sme": {"accuracy": 67.203125, "pending": 11, "requests": 64}, "prediction-online": {"accuracy": 66.00632244467862, "pending": 26, "requests": 9490}, "prediction-online-sme": {"accuracy": 65.67408823931157, "pending": 11, "requests": 14642}, "prediction-request-rag": {"accuracy": 63.58231140839836, "pending": 0, "requests": 2691}, "prediction-request-rag-claude": {"accuracy": 65.64351103931072, "pending": 0, "requests": 7428}, "prediction-request-reasoning": {"accuracy": 67.11374625834677, "pending": 1570, "requests": 17372}, "prediction-request-reasoning-claude": {"accuracy": 66.72064777327935, "pending": 0, "requests": 2470}, "prediction-url-cot-claude": {"accuracy": 61.904761904761905, "pending": 0, "requests": 1596}}, "eps": 0.1, "updated_ts": 1732095874, "weighted_accuracy": {"claude-prediction-offline": 0.5731026698142933, "claude-prediction-online": 0.6103536859706571, "prediction-offline": 0.6725913681009724, "prediction-offline-sme": 0.6703320894919184, "prediction-online": 0.6592139883562407, "prediction-online-sme": 0.6563261234196577, "prediction-request-rag": 0.6346874770676403, "prediction-request-rag-claude": 0.6554635569636367, "prediction-request-reasoning": 0.6706711741029258, "prediction-request-reasoning-claude": 0.6657429380782109, "prediction-url-cot-claude": 0.6179929719207252}}